sgds_point,id,a' c[h]as,a' chas b[h]eag,leis an [t-]sùil,f[h]ir bhig,a' chathair b[h]eag,an f[h]ir bhig,na balaich b[h]eaga,an t-sùil g[h]las,fhir b[h]ig,an [t-]sùil,an fhir b[h]ig,le sùil g[h]lais,fh[i]r bhig,[na] mnatha,[na] sùla glaise,[na] coise bige,an fh[i]r bhig,na [c]oise bige,na casan beag[a],fhir bh[i]g,na [mnatha],na cathraichean beag[a],[na] bà,an fhir bh[i]g,[na] cathrach bige,na balaich bheag[a],na sùla [g]laise,na sùilean glas[a],na [bà],na c[oi]se bige,na coise b[i]ge,nam [fear] beaga,na coise [b]ige,leis a' cho[i]s bhig,na cois[e] bige,don [bhoin],na cathrach b[i]ge,don [mhnaoi],na coise big[e],le c[oi]s bhig,na sùl[a] glaise,leis a' chois bh[i]g,leis an t-sùil g[h]lais,an [z]ùil ghlas,dà mhnaoi mhò[i]r,dà mhnaoi m[h]òir,le cois bh[i]g,na sùla gla[i]se,le sùil gla[i]s,leis an t-sùil ghla[i]s,na [cathrach] bige,na [sùla] glaise,dà [mhnaoi],nan [cas] beaga,nan [sùl] glas,district,township,census_point,1891_total,1891_gaelic,1891_g_pct,1891_mono,1891_mono_pct,lat,lon,gender,yob,orig_lon,orig_lat,fem_gender,aggregate,label_for_conservatism
Port of Ness,1,1,1,1,1,1,1,1,1,1,1,1,1,1,1,0,1,1,1,1,1,1,0,1,1,0,0,0,0,1,0,1,0,1,0,0,0,0,0,1,NA,0,0,1,1,0,1,NA,0,0,0,0,0,0,0,0,Lewis,Port of Ness,Port of Ness,195,188,96,161,0.86,58.485015,-6.2394745,f,1922,-6.2394745,58.485015,TRUE,29,NA
Upper Shader,2,1,1,1,1,1,1,1,1,1,1,1,NA,1,1,0,0,0,0,1,1,0,1,1,0,0,1,0,0,1,0,0,0,0,0,0,0,0,0,0,0,0,0,1,1,0,1,0,0,NA,0,0,0,0,0,0,Lewis,Upper Shader,Upper Shader,207,181,87,93,0.51,58.395686,-6.4856591,m,1913,-6.4856591,58.395686,FALSE,22,NA
Bragar,3,1,1,1,1,1,1,1,1,1,1,1,1,1,1,1,1,1,1,1,1,1,1,1,1,1,1,1,0,1,1,1,0,1,1,1,1,1,1,1,0,1,1,1,1,0,1,0,0,0,0,1,1,0,0,0,Lewis,Bragar,Bragar,652,381,99,264,0.69,58.327547,-6.6308872,m,1898,-6.6308872,58.327547,FALSE,44,Bragar
Carloway,4,1,1,1,1,1,1,1,1,1,1,1,NA,1,1,1,0,1,0,1,1,1,1,1,1,1,1,0,0,1,0,0,0,0,0,0,0,0,0,0,0,0,0,1,1,0,1,0,0,NA,0,0,0,0,0,0,Lewis,Carloway,Carloway,321,306,95,242,0.79,58.277151,-6.7779689,f,1892,-6.7779689,58.277151,TRUE,27,NA
Brenish,5,1,1,1,1,1,1,1,1,1,1,1,1,1,1,1,1,1,1,1,1,1,1,1,1,1,1,0,0,1,1,1,0,1,1,1,1,0,0,1,0,0,1,1,1,0,1,0,0,0,0,0,0,0,0,0,Lewis,Brenish,Brenish,304,282,93,74,0.26,58.106276,-7.0987544,m,1910,-7.0987544,58.106276,FALSE,38,NA
North Tolsta,6,1,1,1,1,1,1,1,1,1,1,1,1,1,0,NA,0,1,0,1,1,0,0,1,1,0,1,NA,NA,1,0,0,1,0,0,0,0,0,0,0,0,NA,0,1,1,0,1,0,NA,0,0,0,NA,0,0,0,Lewis,North Tolsta,North Tolsta,597,559,94,431,0.77,58.341708,-6.2222637,m,1897,-6.2222637,58.341708,FALSE,24,NA
Lower Pabail,7,1,1,1,1,1,1,1,1,1,1,1,1,1,1,NA,1,0,1,1,1,1,1,1,0,1,1,NA,0,1,0,0,1,0,0,0,1,0,0,0,0,NA,0,1,1,0,1,0,NA,0,0,0,NA,0,0,0,Lewis,Lower Pabail,Lower Pabail,481,446,93,254,0.57,58.19727,-6.2391481,m,1897,-6.2391481,58.19727,FALSE,29,NA
Leurbost,8,1,1,1,1,1,1,1,1,1,1,1,1,1,0,0,0,1,0,1,1,0,1,1,1,0,1,0,1,1,0,0,0,0,0,0,0,0,0,0,0,0,0,1,1,0,1,0,0,0,0,0,0,0,0,0,Lewis,Leurbost,Leurbost,608,584,96,459,0.79,58.143078,-6.4657222,m,1929,-6.4657222,58.143078,FALSE,25,NA
Gravir,9,1,1,1,1,1,1,1,1,1,1,1,1,1,1,1,1,1,1,0,1,1,1,1,1,1,1,1,1,1,1,1,0,1,0,1,1,1,0,1,0,1,1,1,1,0,1,0,1,0,0,0,0,0,0,0,Lewis,Gravir,Gravir,389,368,95,284,0.77,58.054495,-6.4424945,m,1896,-6.4424945,58.054495,FALSE,41,NA
Scarp,10,1,1,NA,NA,NA,1,1,1,NA,1,1,NA,NA,1,1,1,1,1,1,NA,1,0,1,1,NA,1,0,1,1,1,1,0,1,1,1,1,NA,0,1,1,0,1,NA,1,0,1,1,0,NA,NA,NA,0,0,0,0,Harris,Scarp,Scarp,143,132,92,52,0.39,58.03024,-7.1355612,f,1904,-7.1355612,58.03024,TRUE,31,NA
Ardhasaig,11,1,1,NA,NA,1,1,1,1,NA,1,1,NA,NA,1,NA,1,1,1,1,NA,1,1,1,1,1,1,NA,NA,1,1,1,0,1,NA,1,1,1,0,1,1,NA,NA,NA,1,0,1,1,NA,NA,NA,0,NA,0,0,NA,Harris,Ardhasaig,Tarbert,449,426,95,150,0.35,57.92617,-6.8333624,m,1895,-6.8333624,57.92617,FALSE,31,NA
Grosebay,12,1,1,NA,1,NA,1,1,1,1,1,1,1,1,1,1,1,1,1,1,1,1,NA,1,1,NA,1,0,NA,1,0,0,0,0,1,0,1,NA,0,0,1,1,1,NA,1,0,1,1,0,0,NA,NA,1,0,0,0,Harris,Grosebay,Scadabay,315,301,96,168,0.56,57.840502,-6.7838697,f,1890,-6.7838697,57.840502,TRUE,32,NA
Leverburgh,13,1,1,NA,NA,NA,1,1,1,NA,1,1,NA,NA,1,1,1,1,1,1,NA,1,1,1,1,NA,1,1,1,1,0,0,0,0,1,0,1,NA,0,0,1,1,1,NA,1,0,1,1,0,0,NA,NA,1,0,0,0,Harris,Leverburgh,Leverburgh,515,485,94,145,0.3,57.763186,-6.9996067,m,1876,-6.9996067,57.763186,FALSE,30,NA
St Kilda 1,14,1,1,1,1,1,1,1,1,1,1,1,1,1,1,1,1,1,1,0,1,1,0,1,1,1,0,0,0,1,1,1,0,1,0,1,1,1,1,0,0,0,0,1,1,1,1,0,0,0,0,0,0,1,0,0,St Kilda,St Kilda 1,St Kilda 1,71,71,100,56,0.79,57.77252641848676,-8.572205459521705,m,1897,-8.5731489,57.811965,FALSE,36,NA
St Kilda 2,15,1,1,1,1,1,1,1,1,1,1,1,1,1,1,1,1,1,1,1,1,1,1,1,1,0,0,0,0,1,1,1,0,1,0,1,0,1,0,0,0,0,0,1,1,1,1,0,0,0,0,0,0,0,0,0,St Kilda,St Kilda 2,St Kilda 2,71,71,100,56,0.79,57.82593519363484,-8.596985997092652,m,1886,-8.5724993,57.811828,FALSE,34,NA
St Kilda 3,16,1,1,1,1,NA,1,1,1,1,1,1,NA,1,0,0,0,1,0,1,1,0,1,0,1,0,0,0,0,0,0,0,NA,0,0,0,0,0,0,0,NA,0,0,1,1,0,0,NA,0,NA,0,0,0,0,0,0,St Kilda,St Kilda 3,St Kilda 3,71,71,100,56,0.79,57.85679825503435,-8.57513583317425,m,1906,-8.57247,57.811667,FALSE,18,NA
Malaclett,17,1,1,1,1,1,1,1,1,1,1,1,1,1,1,1,1,1,1,1,1,1,1,1,1,1,1,1,1,1,1,1,0,1,1,1,1,1,0,1,1,1,1,1,1,1,1,1,1,1,1,0,1,0,0,0,North Uist,Malaclett,Vallay,34,33,97,25,0.76,57.653084,-7.3638748,m,1885,-7.3638748,57.653084,FALSE,49,NA
Middlequarter,18,1,1,1,1,1,1,1,1,1,1,1,1,1,1,1,1,0,1,1,1,1,1,1,0,1,1,0,1,1,0,0,1,0,1,0,1,0,1,0,1,0,1,1,1,1,1,1,0,0,0,0,0,0,0,0,North Uist,Middlequarter,Sollas & Dunskeller,292,282,97,173,0.61,57.653326,-7.365153,m,1881,-7.365153,57.653326,FALSE,37,NA
Sollas,19,1,1,1,1,1,1,1,1,1,1,1,NA,1,1,1,1,1,1,0,1,1,1,1,1,1,1,1,1,1,1,1,0,1,1,1,1,0,0,1,1,1,1,1,1,0,1,1,0,NA,0,0,0,0,0,0,North Uist,Sollas,Sollas & Dunskeller,292,282,97,173,0.61,57.653629,-7.3637374,m,1881,-7.3637374,57.653629,FALSE,41,NA
Knockline,20,1,1,1,1,1,1,1,1,1,1,1,NA,1,1,1,1,0,1,1,1,1,1,1,1,1,1,0,1,1,1,1,0,0,0,0,1,0,0,0,NA,0,1,1,1,0,1,NA,0,NA,0,0,0,0,0,0,North Uist,Knockline,Paible and Ceannbhaigh,290,271,93,226,0.83,57.584627,-7.4404794,m,1893,-7.4404794,57.584627,FALSE,33,NA
Baleshare,21,1,1,1,1,1,1,1,1,1,1,1,NA,1,1,1,1,1,1,1,1,1,1,1,1,0,1,1,1,1,1,1,0,0,0,0,NA,0,0,1,0,0,0,1,1,0,1,0,1,NA,0,0,0,0,0,0,North Uist,Baleshare,Baleshare,324,288,89,112,0.39,57.524175,-7.3812633,f,1905,-7.3812633,57.524175,TRUE,34,NA
Hacleit,22,1,1,1,NA,NA,NA,NA,1,NA,1,NA,0,NA,1,1,1,NA,1,1,NA,1,NA,1,NA,NA,NA,1,1,1,1,0,1,1,1,1,1,NA,0,0,0,1,1,1,1,0,1,0,1,1,0,NA,0,0,0,0,Benbecula,Hacleit,Hacleit,231,219,95,108,0.49,57.412839,-7.3196678,m,1892,-7.3196678,57.412839,FALSE,28,NA
West Gerinish,23,1,1,1,1,1,1,1,1,1,1,1,1,1,1,1,1,1,1,1,1,1,1,1,1,1,1,1,1,1,1,1,0,1,1,1,1,0,1,1,1,1,1,1,1,0,1,1,1,1,1,0,0,0,0,0,South Uist,West Gerinish,Gerinish & Stilligary,119,117,98,67,0.57,57.382123,-7.4067502,f,1899,-7.4067502,57.382123,TRUE,47,NA
Bornish,24,1,1,1,1,NA,1,1,1,1,1,1,1,1,1,1,1,1,1,1,1,1,NA,1,1,NA,1,1,1,1,1,1,0,1,1,1,1,NA,1,1,NA,1,1,1,1,0,1,NA,1,0,0,NA,0,0,0,0,South Uist,Bornish,Killdonan,111,107,96,70,0.65,57.279604,-7.410428,m,1880,-7.410428,57.279604,FALSE,40,NA
South Lochboisdale,25,1,1,1,1,1,1,1,0,1,1,1,NA,1,1,1,1,1,1,1,1,1,0,1,1,1,1,1,1,1,1,1,0,1,1,1,1,0,1,1,NA,0,1,1,1,0,1,NA,0,NA,0,1,0,1,0,0,South Uist,South Lochboisdale,South Lochboisdale,176,163,93,153,0.94,57.144486,-7.305958,m,1890,-7.305958,57.144486,FALSE,40,NA
Baile,26,1,1,1,1,NA,1,1,1,1,1,1,1,1,1,1,1,1,1,1,1,1,NA,1,1,1,1,1,1,1,1,1,0,1,1,1,1,1,0,1,NA,1,0,1,1,0,1,NA,1,0,0,0,0,1,0,0,Eriskay,Baile,Eriskay,454,424,93,194,0.46,57.087204,-7.2907767,m,1895,-7.2907767,57.087204,FALSE,41,NA
Eoligarry,27,1,1,NA,NA,1,1,1,1,NA,1,1,1,NA,1,1,1,1,1,1,NA,1,1,1,1,NA,1,0,1,1,1,0,0,0,NA,0,NA,NA,1,0,1,0,NA,NA,1,0,1,1,0,0,NA,NA,0,0,0,0,Barra,Eoligarry,Eoligarry,261,241,92,167,0.69,56.991102,-7.4065305,m,1883,-7.4065305,56.991102,FALSE,28,NA
Castlebay 1,28,1,1,1,1,1,1,1,1,1,1,1,1,1,1,1,1,1,1,1,1,1,1,1,1,1,1,1,1,1,1,1,1,1,1,1,1,1,1,1,1,1,1,1,1,1,1,1,1,1,1,0,0,0,0,0,Barra,Castlebay 1,Castlebay 1,82,63,77,6,0.1,56.957569,-7.4899858,m,1887,-7.4899858,56.957569,FALSE,50,Castlebay 1
Castlebay 2,29,1,1,1,1,1,1,1,1,1,1,1,1,1,1,1,1,1,1,1,1,1,1,1,1,1,1,0,1,1,1,1,0,1,1,1,1,1,1,1,1,0,1,1,1,1,1,1,0,1,1,0,0,1,0,0,Barra,Castlebay 2,Castlebay 2,82,63,77,6,0.1,56.95786,-7.4921703,m,1882,-7.4921703,56.95786,FALSE,47,NA
Castlebay 3,30,1,1,1,1,1,1,1,1,1,1,1,1,1,1,1,1,1,1,1,1,1,1,1,1,1,1,0,1,1,1,1,1,1,1,1,1,0,1,1,1,0,1,1,1,0,1,1,0,1,1,1,0,0,0,0,Barra,Castlebay 3 [recte Glen],Castlebay 3 [recte Glen],322,285,89,66,0.23,56.958197,-7.4916599,f,1886,-7.4916599,56.958197,TRUE,46,NA
Shannochie,31,1,1,1,1,1,1,1,1,1,1,1,1,1,1,1,1,1,1,0,0,1,0,1,1,1,0,0,0,0,0,0,0,0,0,0,0,0,0,0,0,0,0,1,1,0,1,0,0,0,0,0,0,0,0,0,Arran,Shannochie,Kilmory & Shiskine,1904,1133,60,17,0.02,55.440676,-5.2107543,m,1863,-5.2107543,55.440676,FALSE,25,NA
Kilpatrick,32,1,1,1,1,1,1,0,1,0,0,1,1,0,1,0,0,0,0,0,0,1,0,0,0,0,0,0,0,0,0,0,0,0,0,0,0,0,0,0,0,0,0,1,1,0,1,0,0,0,0,0,0,0,0,0,Arran,Kilpatrick,Kilmory & Shiskine,1904,1133,60,17,0.02,55.491547,-5.3257439,m,1871,-5.3257439,55.491547,FALSE,14,NA
Machrie,33,1,1,0,1,1,1,1,1,1,0,1,1,0,1,1,1,1,1,0,0,1,0,0,0,0,0,0,0,0,0,0,0,0,0,0,0,1,0,0,0,0,0,1,0,0,1,0,0,0,0,0,0,0,0,0,Arran,Machrie (recte Laggmore),Kilmory & Shiskine,1904,1133,60,17,0.02,55.537905,-5.3451498,m,1868,-5.3451498,55.537905,FALSE,19,NA
Brodick,34,1,1,1,1,1,1,1,1,0,1,1,1,0,NA,1,1,0,1,0,0,NA,0,1,0,1,0,0,0,0,0,0,0,0,0,0,0,0,NA,0,0,0,0,1,1,NA,NA,0,0,0,0,0,0,NA,0,0,Arran,Brodick,Brodick,838,254,30,1,0,55.646416,-5.373339,m,1876,-5.373339,55.646416,FALSE,18,NA
Catacol,35,1,1,1,1,1,1,1,1,1,1,1,NA,0,0,0,0,0,0,0,0,0,0,0,0,0,0,0,0,0,0,0,0,0,0,0,0,0,0,0,0,0,0,1,1,0,1,0,0,NA,0,0,0,0,0,0,Arran,Catacol,Lochranza,558,474,85,4,0.01,55.703023,-5.3115876,f,1873,-5.3115876,55.703023,TRUE,14,NA
Carradale 1,36,1,1,1,1,1,1,1,1,1,0,1,1,0,0,0,0,0,0,1,0,0,0,0,0,0,0,0,0,0,0,0,0,0,0,0,0,0,0,0,0,0,0,1,0,0,1,0,0,0,0,0,0,0,0,0,Kintyre,Carradale 1,Skipness,395,298,75,0,0,55.607432,-5.4917174,m,1881,-5.4917174,55.607432,FALSE,14,NA
Carradale 2,37,1,1,1,1,1,1,1,1,1,1,1,1,0,0,0,0,0,0,1,0,0,0,0,0,0,0,0,0,0,0,0,0,0,0,0,0,0,0,0,0,0,0,1,1,0,1,0,0,0,0,0,0,0,0,0,Kintyre,Carradale 2,Skipness,395,298,75,0,0,55.586255,-5.4766269,m,1881,-5.4766269,55.586255,FALSE,16,NA
Muasdale,38,1,1,1,1,NA,1,0,0,0,0,1,NA,0,1,1,0,1,0,0,0,1,NA,0,0,NA,0,1,0,0,0,0,0,0,0,0,0,NA,1,0,NA,1,0,1,1,0,0,NA,0,NA,0,NA,0,0,NA,0,Kintyre,Muasdale,Killean,1293,825,64,17,0.02,55.604075,-5.6672094,m,1891,-5.6672094,55.604075,FALSE,15,NA
Campbelltown,39,1,1,1,1,1,1,1,1,1,1,1,1,1,0,0,0,1,0,0,0,0,0,0,0,0,0,0,0,0,0,0,0,0,0,0,NA,0,0,0,0,0,0,1,1,0,1,0,0,0,0,0,0,0,0,0,Kintyre,Campbelltown (recte Killean),Killean,1293,825,64,17,0.02,55.634515,-5.6716455,m,1876,-5.6716455,55.634515,FALSE,17,NA
Ardminish,40,1,1,1,NA,1,1,1,1,NA,1,1,1,NA,1,0,1,0,1,0,NA,0,0,1,0,0,0,0,0,0,0,0,0,0,0,0,0,0,0,0,0,0,0,1,1,0,1,0,0,0,0,0,0,0,0,0,Gigha,Ardminish,Ardminish,401,325,81,24,0.07,55.667978,-5.7543305,m,1879,-5.7543305,55.667978,FALSE,17,NA
Portchoillan,41,1,1,1,1,1,1,1,1,1,1,1,1,0,1,0,0,0,0,0,0,0,0,1,0,0,0,0,0,0,0,0,0,0,0,0,0,0,0,0,0,0,0,1,1,0,1,0,0,0,0,0,0,0,0,0,Kintyre,Port[a]choillan,Killean,1293,825,64,17,0.02,55.75437,-5.5713022,f,1875,-5.5713022,55.75437,TRUE,17,NA
Tarbert,42,0,0,0,1,0,1,0,0,1,0,1,1,0,0,0,0,0,0,0,0,0,0,NA,0,0,0,1,0,NA,0,0,0,1,0,0,NA,0,0,0,0,0,0,0,1,0,0,0,0,0,0,0,0,0,0,0,Kintyre,Tarbert,Tarbert (south),1201,513,43,11,0.02,55.857553,-5.4209156,m,1870,-5.4209156,55.857553,FALSE,8,NA
Druimdrishaig,44,1,1,0,1,0,0,1,1,1,0,0,1,0,0,0,0,0,0,0,0,0,0,NA,0,0,0,0,0,NA,0,0,0,0,0,0,NA,0,0,0,0,0,0,1,1,0,1,0,0,0,0,0,0,0,0,0,Mid-Argyll,Druimdrishaig,Kilberry,388,258,67,12,0.05,55.859942,-5.6479971,m,1894,-5.6479971,55.859942,FALSE,10,NA
Glendaruel,45,0,0,0,0,0,0,0,0,0,0,0,0,0,0,0,0,0,0,0,0,0,0,NA,0,0,0,1,0,NA,0,0,0,1,0,0,NA,0,0,0,0,0,0,0,0,0,0,0,0,0,0,0,0,0,0,0,Cowal,Glendaruel,Kilmodan,323,229,71,0,0,56.013568,-5.2225379,f,1876,-5.2225379,56.013568,TRUE,2,NA
Stuckreoch,46,1,1,1,NA,1,1,1,1,NA,0,1,0,NA,0,0,0,0,0,0,NA,0,0,NA,0,0,0,0,0,NA,0,0,0,0,0,0,NA,0,0,0,0,0,0,1,0,0,1,0,0,0,0,0,0,0,0,0,Cowal,Stuckreoch,Strachur,574,314,55.00000000000001,1,0,56.143721,-5.1403575,f,1883,-5.1403575,56.143721,TRUE,10,NA
Auchindrain,47,1,1,1,1,1,1,1,1,1,1,1,0,1,1,0,0,1,0,0,0,0,0,NA,0,0,0,1,0,NA,0,0,0,0,0,0,NA,0,0,0,0,0,0,1,1,0,1,0,0,0,0,0,0,0,0,0,Mid-Argyll,Auchindrain,Furnace,205,133,65,0,0,56.151455,-5.1893062,m,1881,-5.1893062,56.151455,FALSE,18,NA
West Loch Fyne,48,1,1,0,1,1,0,1,1,1,0,0,1,0,1,0,0,0,0,0,0,0,0,NA,0,0,0,0,0,NA,0,0,1,0,0,0,NA,0,0,0,0,0,0,1,0,0,1,0,0,0,0,0,0,0,0,0,Mid-Argyll,West Loch Fyne,Minard,483,336,70,12,0.04,56.113474,-5.2666119,m,1876,-5.2666119,56.113474,FALSE,12,NA
Duntroon,49,1,1,1,1,1,1,1,1,1,1,1,1,1,0,1,1,1,1,1,0,0,0,NA,0,0,0,0,0,NA,0,0,0,0,0,0,NA,0,0,0,0,0,0,1,1,0,1,0,0,0,0,0,0,0,0,0,Mid-Argyll,Duntroon,Kilmartin,695,507,73,11,0.02,56.13268,-5.481878,m,1893,-5.481878,56.13268,FALSE,21,NA
North Knapdale,50,1,1,1,1,1,1,1,1,1,1,1,1,1,1,1,1,1,1,1,0,0,1,NA,0,0,0,0,1,NA,0,0,0,0,0,0,NA,0,0,0,0,0,0,1,1,0,1,0,0,0,0,0,0,0,0,0,Mid-Argyll,North Knapdale,North Knapdale,805,711,88,43,0.06,56.072713,-5.5853556,m,1887,-5.5853556,56.072713,FALSE,24,NA
Inverlussa,51,1,1,1,1,1,NA,1,1,1,1,NA,1,1,1,0,1,NA,1,1,1,0,1,NA,NA,1,0,0,0,NA,0,0,0,0,0,0,NA,0,0,0,0,0,0,1,1,0,1,0,0,0,0,0,0,0,0,0,Jura,Inverlussa,Inverlussa,48,41,85,4,0.1,56.016881,-5.7833399,m,1895,-5.7833399,56.016881,FALSE,21,NA
Ardfarnal,52,1,1,1,1,1,NA,1,1,1,1,NA,1,1,1,1,1,NA,1,0,0,0,0,NA,NA,1,0,1,0,NA,0,0,0,0,0,0,NA,0,0,0,0,0,0,0,1,0,1,0,0,0,0,0,0,0,0,0,Jura,Ardfarnal,Ardfarnal,147,129,88,22,0.17,55.870204,-5.9017904,m,1896,-5.9017904,55.870204,FALSE,19,NA
Port Askaig,53,1,1,1,1,1,1,1,1,1,1,1,1,1,0,0,0,1,0,1,0,0,0,0,0,0,0,0,0,0,0,0,0,0,0,0,0,0,0,0,0,0,0,1,1,0,1,0,0,0,0,0,0,0,0,0,Islay,Port Askaig,Port Askaig,73,64,88,16,0.25,55.809146,-6.1192413,f,1893,-6.1192413,55.809146,TRUE,18,NA
Port Ellen,54,1,1,0,1,1,NA,1,1,1,1,NA,1,1,0,1,0,NA,0,0,0,0,0,0,NA,0,0,0,0,0,0,0,0,0,0,0,0,0,0,0,0,0,0,1,1,0,1,0,0,0,0,0,0,0,0,0,Islay,Port Ellen,Port Ellen,893,814,91,120,0.15,55.626688,-6.1954251,m,1932,-6.1954251,55.626688,FALSE,14,NA
Bowmore,55,1,1,1,1,1,NA,1,0,1,1,NA,1,1,0,0,1,NA,1,1,1,0,0,0,NA,0,0,1,0,0,0,0,0,0,0,0,0,0,0,0,0,0,0,0,1,0,1,0,0,0,0,0,0,0,0,0,Islay,Bowmore,Bowmore,848,707,83,66,0.09,55.74939,-6.2883403,m,1872,-6.2883403,55.74939,FALSE,17,NA
Rhinns,56,1,1,1,1,1,1,1,1,1,1,1,1,1,0,0,0,1,0,0,0,0,0,0,0,0,1,0,0,0,0,0,0,0,0,0,0,0,0,0,0,0,0,1,1,0,1,0,0,0,0,0,0,0,0,0,Islay,Rhinns [recte Tormisdale],Rhinns [recte Tormisdale],109,97,89,38,0.39,55.737262,-6.4767256,m,1911,-6.4767256,55.737262,FALSE,18,NA
Lower Kilchattan,57,1,0,1,1,1,NA,1,1,1,1,NA,1,1,1,0,1,NA,1,0,1,1,0,1,NA,1,0,0,0,0,1,1,0,1,0,1,0,1,0,1,0,0,0,1,1,0,1,0,0,0,0,0,0,0,0,0,Colonsay,Lower Kilchattan,Lower Kilchattan,321,283,88,19.4,0.07,56.065754,-6.2430724,f,1876,-6.2430724,56.065754,TRUE,26,NA
Loch Beag,58,1,1,1,1,1,1,1,1,1,1,1,1,1,0,1,1,1,1,1,0,0,0,NA,0,1,0,0,0,NA,0,0,0,0,0,0,NA,0,0,0,0,0,0,1,1,0,1,0,0,0,0,0,0,0,0,0,Mid-Argyll,Loch Beag,Craignish,394,273,69,7,0.03,56.199397,-5.5461497,f,1874,-5.5461497,56.199397,TRUE,22,NA
Ellenabeich,59,1,1,1,1,1,NA,1,1,0,1,NA,1,1,0,0,1,NA,1,0,0,0,1,NA,NA,0,0,0,0,NA,0,0,0,0,0,0,NA,0,0,0,0,0,0,1,1,0,0,0,0,0,0,0,0,0,0,0,Easdale,Ellenabeich,Easdale,311,302,97,105,0.35,56.299713,-5.6480099,m,1880,-5.6480099,56.299713,FALSE,15,NA
Kilmore,60,1,1,1,1,1,0,1,1,1,1,0,1,0,1,1,1,0,1,1,0,1,0,NA,0,0,1,0,0,NA,0,0,0,0,0,0,NA,0,0,0,0,0,0,1,1,0,1,0,0,0,0,0,0,0,0,0,South Lorn,Kilmore,Kilmore,476,362,76,7,0.02,56.369645,-5.4343081,m,1890,-5.4343081,56.369645,FALSE,20,NA
Kilchrenan,61,1,1,0,1,1,1,1,0,1,0,1,1,1,NA,0,0,1,0,0,1,NA,1,NA,1,0,0,0,1,NA,0,0,0,0,0,0,NA,0,0,0,0,0,0,1,1,0,1,0,0,0,0,0,0,0,NA,0,South Lorn,Kilchrenan,Kilchrenan,257,211,82,3,0.01,56.352118,-5.181766,m,1894,-5.181766,56.352118,FALSE,18,NA
Inverlochy,62,1,1,1,1,1,1,1,1,1,0,1,0,0,1,0,0,1,0,0,0,0,0,NA,0,0,0,0,0,NA,0,0,0,0,0,0,NA,0,0,0,0,0,0,1,1,0,1,0,0,0,0,0,0,0,0,0,South Lorn,Inverlochy,Inverlochy,1254,796,64,18,0.02,56.411039,-4.9159483,f,1882,-4.9159483,56.411039,TRUE,15,NA
Stronmilchan,63,1,1,1,1,1,1,1,1,1,0,1,1,1,1,1,0,1,0,1,1,0,1,NA,0,1,1,0,0,NA,0,0,0,0,0,0,NA,0,NA,0,NA,0,0,1,0,0,1,NA,0,0,0,0,0,0,0,0,South Lorn,Stronmilchan,Glenorchy,1254,796,64,18,0.02,56.424975,-5.0013118,m,1883,-5.0013118,56.424975,FALSE,22,NA
Taynuilt,64,0,0,NA,NA,1,NA,1,0,NA,0,NA,1,NA,1,0,0,NA,0,0,NA,0,0,NA,NA,0,0,0,0,NA,0,1,0,0,0,0,NA,0,0,0,0,0,1,NA,1,0,1,0,0,0,NA,0,0,0,1,0,South Lorn,Taynuilt,Glenorchy,722,539,75,12,0.02,56.431029,-5.252722,f,1886,-5.252722,56.431029,TRUE,9,NA
Achadacallen,65,1,1,1,1,1,1,1,1,1,1,1,1,1,0,0,0,1,0,1,0,0,0,NA,0,0,0,0,0,NA,0,0,0,0,0,0,NA,0,1,0,0,0,0,1,1,0,1,0,0,0,0,0,0,0,0,0,South Lorn,Achadacallen,Muckairn,722,539,75,12,0.02,56.443843,-5.2954804,f,1898,-5.2954804,56.443843,TRUE,19,NA
Loch Etive,66,1,1,1,1,1,1,1,1,1,1,1,1,0,0,0,0,0,0,0,0,0,1,NA,0,0,1,0,0,NA,0,0,0,0,0,0,NA,0,0,0,0,0,0,1,1,0,1,0,0,0,0,0,0,0,0,0,Benderloch,Loch Etive,Loch Etive,186,177,95,75,0.42,56.474542,-5.3694685,f,1900,-5.3694685,56.474542,TRUE,17,NA
Lower Kiel,67,1,1,1,1,1,1,1,1,1,0,1,NA,0,1,1,1,1,1,0,0,0,1,NA,1,1,1,0,0,NA,0,0,0,0,0,0,NA,0,0,0,0,0,0,1,1,0,1,0,0,NA,0,0,0,0,0,0,Benderloch,Lower Kiel,Lower Kiel,186,177,95,75,0.42,56.495627,-5.4039271,f,1870,-5.4039271,56.495627,TRUE,22,NA
Achanuaran Farm,68,1,1,1,1,1,1,1,1,1,1,1,1,1,1,1,1,1,1,0,1,0,1,1,1,1,0,0,0,0,0,0,1,0,0,0,NA,0,0,0,0,0,0,1,1,0,1,0,0,0,0,0,0,0,0,0,Liosmore,Achanuaran Farm,Balnagown,260,235,90,38,0.16,56.491867,-5.5502642,m,1886,-5.5502642,56.491867,FALSE,27,NA
Port Appin,69,1,1,1,1,1,1,1,1,1,1,1,NA,0,0,0,0,1,0,0,0,0,0,NA,1,0,0,0,0,NA,0,0,1,0,0,0,NA,0,0,0,0,0,0,1,1,0,1,0,0,NA,0,0,0,0,0,0,Appin,Port Appin,Strath of Appin,441,352,80,61,0.17,56.554476,-5.4013354,m,1885,-5.4013354,56.554476,FALSE,17,NA
Portnacrois,70,1,1,1,NA,1,1,1,0,NA,1,1,NA,NA,0,0,0,0,0,0,NA,0,1,NA,0,0,0,0,1,NA,0,0,0,0,0,0,NA,0,0,0,0,0,0,1,1,0,1,0,0,NA,0,0,0,0,0,0,Appin,Portnacrois,Strath of Appin,441,352,80,61,0.17,56.576075,-5.3744312,f,1895,-5.3744312,56.576075,TRUE,13,NA
Glencoe,71,1,1,1,1,1,1,0,1,1,1,1,1,1,1,1,1,1,1,1,1,1,0,NA,1,1,0,0,0,NA,1,1,1,1,1,1,NA,0,1,0,1,0,1,1,1,NA,NA,1,0,0,0,0,0,NA,1,1,Appin,Glencoe,Glencoe,398,348,87,37.6,0.11,56.674624,-5.1191205,m,1885,-5.1191205,56.674624,FALSE,36,NA
Ballachulish,72,1,1,1,1,1,1,1,1,1,1,1,NA,1,0,1,1,1,1,0,1,0,1,NA,1,0,0,0,1,NA,0,0,NA,0,0,0,NA,0,0,0,0,0,0,1,1,0,1,0,0,NA,0,0,0,0,0,0,Appin,Ballachulish,Ballachulish,1045,841,81,212,0.25,56.674215,-5.135415,m,1882,-5.135415,56.674215,FALSE,23,NA
Laggan,73,1,1,1,NA,1,1,1,1,NA,1,1,NA,NA,1,1,1,0,1,0,NA,0,0,1,0,1,0,0,0,0,0,0,0,0,0,0,0,0,0,0,0,0,0,1,1,0,0,0,0,NA,0,0,0,0,1,0,Upper Badenoch,Laggan,Laggan,851,660,78,20,0.03,56.991007,-4.38979,m,1880,-4.38979,56.991007,FALSE,18,NA
Highbridge,75,1,1,1,1,1,1,1,0,1,1,1,1,1,1,1,1,1,1,1,1,0,0,1,1,1,1,1,0,0,0,0,0,0,0,0,0,0,0,0,0,0,0,1,1,0,1,0,0,0,0,0,0,1,0,0,Lochaber,Highbridge,Spean Bridge,177,123,70,11,0.09,56.884947,-4.9724388,m,1876,-4.9724388,56.884947,FALSE,28,NA
Muirshearlich,76,1,1,0,1,1,1,1,1,0,0,1,NA,1,0,0,0,1,0,0,0,0,0,NA,0,0,0,0,0,NA,0,0,1,0,0,0,NA,0,0,0,0,0,0,1,1,0,1,0,0,NA,0,0,0,0,0,0,Lochaber,Muirshearlich,Muirshearlich,241,226,94,6,0.03,56.873597,-5.0700249,m,1885,-5.0700249,56.873597,FALSE,14,NA
Kinlochiel,77,1,1,NA,1,1,1,1,NA,1,NA,1,NA,1,1,NA,0,1,0,0,1,1,0,NA,1,1,0,NA,NA,NA,0,0,1,0,0,0,NA,1,0,0,0,NA,0,NA,NA,0,1,0,NA,NA,NA,0,NA,0,0,NA,Lochaber,Kinlochiel,Kinlochiel,105,87,83,3,0.03,56.857907,-5.33128,m,1885,-5.33128,56.857907,FALSE,18,NA
Garvan,78,1,1,1,1,1,1,1,1,1,1,1,NA,1,1,1,1,1,1,1,1,0,1,NA,1,1,1,0,1,NA,1,1,0,0,0,0,NA,0,0,0,NA,1,0,1,1,0,1,NA,0,NA,0,0,1,0,0,0,Ardgour,Garvan,Ardgour,277,199,72,7,0.04,56.846944,-5.3040573,f,1890,-5.3040573,56.846944,TRUE,31,NA
Strontian,79,1,1,1,1,1,1,1,1,1,1,1,NA,1,1,1,1,1,1,1,1,1,1,NA,1,1,1,1,0,NA,1,1,0,1,0,1,NA,0,0,1,NA,1,0,1,1,0,1,NA,1,NA,0,0,1,0,0,0,Sunart and Ardnamurchan,Strontian,Strontian,614,538,88,49,0.09,56.707651,-5.5631489,m,1891,-5.5631489,56.707651,FALSE,36,NA
Lochaline,80,1,1,1,NA,1,1,1,1,NA,0,1,NA,NA,0,0,0,0,0,1,NA,0,1,NA,0,0,0,0,1,NA,0,0,0,1,0,0,NA,0,0,0,NA,0,0,1,1,0,1,NA,0,NA,0,0,0,0,0,0,Morvern,Lochaline,Movern,820,644,79,95,0.15,56.530095,-5.7904874,f,1901,-5.7904874,56.530095,TRUE,15,NA
Loch Don,81,1,1,1,1,1,1,1,1,1,1,1,1,1,1,1,1,1,1,1,1,1,0,NA,1,1,1,0,1,NA,1,0,1,0,0,0,NA,0,1,0,0,0,0,1,1,NA,NA,0,0,0,0,0,0,NA,0,0,Mull,Loch Don,Achnacraig,66,44,67,2,0.05,56.388638,-5.6807671,m,1884,-5.6807671,56.388638,FALSE,30,NA
Knockan 1,82,1,1,1,1,1,NA,1,1,1,1,NA,1,1,1,1,1,NA,1,1,0,1,1,1,NA,1,1,0,0,1,0,0,1,0,1,0,NA,0,1,0,0,0,0,1,1,0,1,0,0,0,0,0,0,0,0,0,Mull,Knockan 1,Ardtun,265,250,94,70,0.28,56.327793,-6.2073999,f,1912,-6.2073999,56.327793,TRUE,28,NA
Burg Farm,83,1,1,1,1,1,NA,1,1,0,1,NA,1,1,1,1,1,NA,1,0,1,1,0,NA,NA,1,0,0,0,NA,0,0,0,0,0,0,NA,0,0,0,0,0,0,1,1,1,1,0,0,0,0,0,0,0,0,0,Mull,Burg Farm,Tiororan & Balnahard,142,127,89,46,0.36,56.523797,-6.2616795,f,1888,-6.2616795,56.523797,TRUE,21,NA
Balemartine,84,1,1,1,1,1,NA,1,1,1,1,NA,1,1,1,1,1,NA,1,0,1,1,0,NA,NA,1,0,0,0,NA,0,0,0,0,0,0,NA,0,0,0,0,0,0,1,1,0,1,0,0,0,0,0,0,0,0,0,Tiree,Balemartine,Balemartine,323,316,98,103,0.33,56.464031,-6.9049198,m,1883,-6.9049198,56.464031,FALSE,21,NA
Sorisdale,85,1,1,1,1,1,NA,1,1,1,1,NA,1,1,1,1,1,NA,1,0,1,1,1,NA,NA,1,0,0,1,NA,0,0,0,0,0,0,NA,0,0,0,0,0,0,1,1,0,1,0,0,0,0,0,0,0,0,0,Coll,Sorisdale,Sorisdale,131,121,92,69,0.57,56.67818,-6.4752005,m,1888,-6.4752005,56.67818,FALSE,23,NA
Bunavullin,86,1,1,1,1,1,1,1,1,1,1,1,NA,1,0,0,1,0,1,0,1,0,0,NA,0,1,0,0,0,NA,0,0,0,0,0,0,NA,0,0,0,NA,0,0,1,1,0,1,NA,0,NA,0,0,0,0,0,0,Morvern,Bunavullin,Morvern,321,644,79,95,0.15,56.613191,-5.9798301,f,1911,-5.9798301,56.613191,TRUE,19,NA
Glenborrodale (Acharacle),87,1,1,1,1,1,1,1,1,1,1,1,NA,1,0,1,1,0,1,0,1,0,1,NA,0,0,0,0,0,NA,0,0,1,0,0,0,NA,0,0,0,0,0,0,1,1,0,1,0,0,NA,0,0,0,0,0,1,Sunart and Ardnamurchan,Glenborrodale,Ardmurchan,772,722,94,253,0.35,56.679455,-5.9035115,m,1877,-5.9035115,56.679455,FALSE,22,NA
The Manse (Kilchoan),88,1,1,1,1,1,1,1,0,1,1,1,1,1,1,1,0,0,0,0,1,1,0,NA,1,1,0,1,0,NA,0,0,1,0,0,0,NA,1,0,0,0,0,0,0,1,0,1,0,1,0,0,0,0,0,0,0,Sunart and Ardnamurchan,The Manse (Kilchoan),Ardmurchan,772,722,94,253,0.35,56.690553,-6.1171029,f,1891,-6.1171029,56.690553,TRUE,24,NA
Acharacle,89,1,1,1,1,1,1,1,1,1,1,1,NA,1,1,1,1,0,1,0,1,1,1,NA,0,1,1,0,0,NA,0,0,0,0,0,0,NA,0,0,0,NA,0,0,1,1,0,1,NA,0,NA,0,0,0,0,0,0,Sunart and Ardnamurchan,Acharacle,Acharacle,645,537,83,244,0.45,56.755828,-5.8476036,m,1916,-5.8476036,56.755828,FALSE,24,NA
Eilean Shona,90,1,1,1,1,1,1,0,1,1,1,1,1,1,1,1,1,0,1,0,1,0,0,NA,0,1,0,0,0,NA,0,0,0,0,0,0,NA,1,0,0,0,0,0,1,1,0,1,0,0,1,1,0,0,0,0,0,Moydart,Eilean Shona,Eilean Shona,104,89,86,23,0.26,56.789043,-5.8493702,f,1880,-5.8493702,56.789043,TRUE,24,NA
Borrodale,91,1,1,1,1,1,1,1,1,1,0,1,1,1,1,1,1,1,1,1,1,0,1,NA,1,0,0,0,1,NA,0,0,1,0,0,0,NA,0,0,0,0,0,0,1,1,0,1,0,0,0,0,0,0,0,1,0,Arisaig,Borrodale,Arisaig,1110,1023,92,407,0.4,56.90234,-5.7607957,m,1896,-5.7607957,56.90234,FALSE,27,NA
Bunacaimb,92,1,1,1,1,1,1,1,1,1,1,1,1,1,1,1,1,1,1,1,1,1,1,NA,1,1,1,1,1,NA,1,1,1,0,0,1,NA,0,0,1,0,0,0,1,1,0,1,0,0,0,0,0,0,0,0,0,Arisaig,Bunacaimb,Arisaig,1110,1023,92,407,0.4,56.923488999999996,-5.8632221,m,1896,-5.8632221,56.923488999999996,FALSE,35,NA
Morar Village,93,1,1,1,1,1,1,1,1,1,1,1,1,1,1,1,1,1,1,1,1,1,1,NA,1,1,1,1,1,NA,0,0,0,0,0,0,NA,0,1,0,0,0,0,1,1,0,1,0,1,0,1,0,0,0,0,0,Morar,Morar Village,North Morar,444,405,91,162,0.4,56.969315,-5.8350462,m,1896,-5.8350462,56.969315,FALSE,33,NA
Kildonan,94,1,1,1,1,1,1,1,1,1,1,1,1,1,1,1,1,1,1,1,1,1,1,NA,1,1,1,1,1,NA,1,1,0,1,1,1,NA,1,1,1,1,1,1,1,1,1,1,0,1,1,1,0,1,1,0,0,Eigg,Kildonan,Kildonan,233,215,92,59,0.27,56.888219,-6.1224232,m,1882,-6.1224232,56.888219,FALSE,47,NA
Canna,95,1,1,1,1,1,1,1,1,1,1,1,1,1,1,1,1,1,1,1,1,1,1,NA,1,1,1,1,0,NA,1,1,1,1,1,1,NA,1,1,1,1,0,1,1,1,1,1,1,0,1,1,0,0,0,0,0,Canna,Canna,Canna,99,80,81,14,0.18,57.05432,-6.5204427,f,1902,-6.5204427,57.05432,TRUE,44,Canna
Kinloch Hourn,96,1,1,1,1,1,1,1,1,1,1,1,1,1,1,1,1,0,1,1,1,1,1,1,0,1,1,0,0,0,0,0,1,0,1,0,0,0,1,0,1,1,0,1,1,0,1,0,0,0,0,0,0,0,0,0,Knoydart,Kinloch Hourn,Knoydart,415,366,88,64,0.17,57.108123,-5.3867666,m,1913,-5.3867666,57.108123,FALSE,32,NA
Arnisdale,97,1,1,1,1,NA,1,1,1,1,1,1,1,1,1,0,0,1,0,1,1,1,NA,NA,1,NA,1,0,1,NA,0,0,0,0,0,0,NA,NA,0,0,0,0,0,1,1,1,1,0,0,0,0,NA,0,0,0,0,Knoydart,Arnisdale,Knoydart,415,366,88,64,0.17,57.129986,-5.5706077,m,1886,-5.5706077,57.129986,FALSE,24,NA
Galltair,98,1,1,1,1,1,1,1,1,1,1,1,1,1,1,1,1,1,1,1,1,0,1,1,1,1,0,1,1,0,1,0,1,1,1,1,0,0,0,0,1,1,1,1,1,0,1,1,1,1,1,1,0,0,0,0,Glenelg,Galltair,Glenelg & Glenmore,257,233,91,89,0.38,57.218217,-5.6288509,m,1887,-5.6288509,57.218217,FALSE,42,NA
Leacachan,99,1,1,1,1,1,1,1,1,1,1,1,1,1,1,1,1,1,1,1,1,1,1,1,1,NA,0,1,1,1,1,1,0,1,1,1,0,NA,1,1,1,1,0,1,1,1,1,0,1,0,0,NA,0,0,0,0,Glenshiel,Leacachan,Glenshiel (NB: p 10),219,162,74,29,0.18,57.239442,-5.5148722,m,1878,-5.5148722,57.239442,FALSE,41,NA
Ault a' Chruinn,100,1,1,1,1,1,1,1,1,1,1,1,1,1,1,1,1,1,1,0,1,1,0,NA,0,1,0,1,0,NA,1,0,0,0,0,1,NA,0,1,0,0,1,0,1,1,0,1,0,0,0,0,1,0,0,0,0,Glenshiel,Ault a' Chruinn,Glenshiel (NB: p 10),219,162,74,29,0.18,57.224248,-5.4139857,m,1906,-5.4139857,57.224248,FALSE,30,NA
Inverinate,101,0,1,1,1,1,1,1,1,1,1,1,1,0,0,0,0,0,0,0,0,0,0,0,0,0,0,0,0,0,0,0,0,0,0,0,0,0,NA,0,0,0,0,1,1,0,1,0,0,0,0,0,0,0,0,0,Kintail,Inverinate,Inverinate,165,149,90,57,0.38,57.231855,-5.464419,m,1906,-5.464419,57.231855,FALSE,14,NA
Dornie,102,1,1,1,1,1,1,1,1,1,1,1,1,1,1,1,1,1,1,1,1,1,1,1,1,1,1,1,1,1,0,1,0,1,0,0,0,1,0,1,0,1,0,1,1,1,1,0,1,1,1,1,0,1,0,0,Kintail,Dornie,Dornie,118,101,86,13,0.13,57.284271,-5.5191496,m,1891,-5.5191496,57.284271,FALSE,43,Dornie
Duirinish,103,1,1,1,1,1,1,1,1,1,1,1,1,1,1,0,1,0,1,1,0,1,1,0,0,NA,1,0,1,0,0,0,0,0,0,0,0,NA,0,0,NA,0,0,1,1,1,1,NA,0,0,0,NA,0,0,0,0,Lochalsh,Duirinish,Duirinish,250,250,100,76,0.3,57.31538,-5.6882793,f,1886,-5.6882793,57.31538,TRUE,25,NA
Lower Breakish,104,1,1,1,1,1,1,1,1,1,1,1,1,1,1,1,1,0,1,1,1,1,1,NA,0,NA,1,0,1,NA,0,0,1,0,0,0,0,NA,0,0,0,0,0,1,1,0,1,0,0,0,0,NA,0,0,0,0,Skye,Lower Breakish,Lower Breakish,424,400,94,163,0.41,57.238199,-5.86296,f,1899,-5.86296,57.238199,TRUE,27,NA
Calligary,105,1,1,1,NA,1,1,1,1,NA,1,1,1,NA,1,1,1,1,1,1,NA,1,1,NA,1,1,1,0,1,NA,0,0,0,0,0,0,0,1,1,0,0,0,0,1,1,0,1,0,0,0,0,1,0,0,0,0,Skye,Calligary,Calligary,210,208,99,42,0.2,57.056391,-5.9265394,m,1894,-5.9265394,57.056391,FALSE,28,NA
Elgol,106,1,1,1,1,1,1,1,1,1,1,1,NA,1,1,1,1,1,1,1,1,1,1,NA,1,1,0,0,1,NA,0,0,0,0,0,0,0,0,0,0,NA,0,0,1,1,0,1,NA,0,NA,0,0,0,0,0,0,Skye,Elgol,Elgol,221,213,96,90,0.42,57.140722,-6.100881,f,1899,-6.100881,57.140722,TRUE,27,NA
Portnalong,107,1,1,1,1,NA,1,1,1,1,1,1,1,1,1,1,1,1,1,1,1,1,0,NA,1,0,1,0,1,NA,0,0,1,0,0,0,0,1,0,0,0,0,0,1,1,0,1,0,0,0,0,0,0,0,0,0,Skye,Portnalong,Fiskavaig & Talisker,128,117,91,51,0.44,57.32057,-6.4216064,m,1880,-6.4216064,57.32057,FALSE,28,NA
Dunvegan,108,1,1,1,1,NA,1,1,1,1,1,1,1,1,1,1,0,1,0,1,1,1,NA,NA,1,NA,1,0,1,NA,1,0,0,0,1,0,1,NA,0,0,1,0,0,1,1,1,1,0,0,1,0,NA,0,0,0,0,Skye,Dunvegan,Dunvegan,406,371,91,58,0.16,57.408071,-6.4999737,m,1889,-6.4999737,57.408071,FALSE,30,NA
Glendale,109,1,1,1,1,1,1,1,1,1,1,1,1,1,1,1,1,1,1,1,1,1,1,NA,1,1,1,0,1,NA,0,0,0,0,0,0,1,1,0,0,0,0,0,1,1,0,1,0,0,0,0,0,0,0,0,0,Skye,Glendale,Milovaig & Lephin,341,310,91,234,0.75,57.449571,-6.6982936,m,1899,-6.6982936,57.449571,FALSE,31,NA
Trumpan,110,1,1,1,1,1,1,1,1,1,1,1,NA,1,1,1,1,1,1,1,1,1,1,1,1,1,1,0,1,1,0,1,0,0,0,0,1,1,0,0,0,1,1,1,1,0,1,0,0,NA,0,0,1,0,0,0,Skye,Trumpan,Dun Hallin & Halistra,287,280,98,167,0.6,57.557851,-6.6335683,m,1894,-6.6335683,57.557851,FALSE,36,NA
Bernisdale,111,1,1,1,1,1,1,0,1,1,1,1,1,1,0,1,1,0,1,1,1,0,1,0,0,1,1,0,1,0,0,0,1,0,0,0,1,0,0,0,0,0,0,1,1,0,1,0,0,0,0,1,0,0,0,0,Skye,Bernisdale,Bernisdale,283,264,93,104,0.39,57.46551,-6.3375171,f,1894,-6.3375171,57.46551,TRUE,27,NA
Uig,112,1,1,1,1,1,1,1,1,1,1,1,1,1,1,1,1,1,1,1,1,1,1,1,1,1,1,0,1,0,0,0,0,0,0,0,1,1,0,0,0,0,0,1,1,0,1,0,0,0,0,1,0,0,0,0,Skye,Uig,Uig,208,198,95,8,0.04,57.590902,-6.3524603,m,1909,-6.3524603,57.590902,FALSE,33,NA
Staffin,113,1,1,1,1,1,1,0,1,1,1,1,NA,1,1,1,0,0,0,NA,1,1,1,0,0,1,1,0,1,0,0,0,1,0,0,0,0,0,0,0,0,0,0,1,1,0,1,0,0,NA,0,0,0,0,0,0,Skye,Staffin,Staffin,303,287,95,117,0.41,57.639104,-6.257621,f,1889,-6.257621,57.639104,TRUE,23,NA
Peinchorran,114,1,1,1,1,1,1,1,1,1,1,1,1,1,1,1,1,0,1,1,1,1,1,1,0,NA,0,0,1,1,0,0,0,0,0,0,0,NA,0,0,NA,0,0,1,1,0,1,NA,0,0,0,NA,0,0,0,0,Skye,Peinchorran,Peinchorran,326,314,96,177,0.56,57.324645,-6.1211812,m,1889,-6.1211812,57.324645,FALSE,27,NA
Caol Rona,115,1,1,1,1,1,1,1,1,1,1,1,1,1,1,1,1,0,1,0,1,1,1,1,0,1,0,0,1,1,0,0,0,0,0,0,1,0,0,0,NA,0,0,1,1,0,1,NA,0,0,0,1,0,0,0,0,Raasay,Caol Rona,Raasay,438,394,90,102,0.26,57.494449,-6.0069222,f,1906,-6.0069222,57.494449,TRUE,29,NA
Lochcarron,116,1,1,1,1,1,1,0,1,1,1,1,NA,0,0,1,0,0,0,1,0,0,1,0,0,0,0,1,0,0,0,0,0,0,0,0,0,0,0,0,0,1,0,1,1,1,1,0,0,NA,0,0,0,0,0,0,Wester Ross,Lochcarron,Lochcarron,384,332,87,48,0.14,57.402203,-5.504865,m,1896,-5.504865,57.402203,FALSE,19,NA
Milton (Applecross),117,1,1,1,1,1,1,1,1,1,1,1,1,1,0,0,0,1,0,1,1,0,1,1,1,0,1,0,1,1,0,0,0,0,0,0,0,0,0,0,0,0,0,1,1,0,1,0,0,0,0,0,0,0,0,0,Wester Ross,Milton (Applecross),Milton (Applecross),253,227,90,60,0.26,57.421656,-5.8072284,m,1883,-5.8072284,57.421656,FALSE,25,NA
Shieldaig,118,1,1,1,1,0,1,1,1,1,1,1,1,0,0,0,0,0,0,1,0,0,1,0,0,0,1,0,0,0,0,0,0,0,0,0,0,0,NA,0,0,0,0,1,1,0,1,0,0,0,0,0,0,0,0,0,Wester Ross,Shieldaig,Shieldaig,201,181,90,29,0.16,57.515028,-5.6242134,f,1883,-5.6242134,57.515028,TRUE,17,NA
Inveralligin,119,1,1,1,1,0,1,1,1,1,1,1,1,1,0,0,0,1,0,1,1,0,1,0,1,0,1,0,0,0,0,0,0,0,0,0,0,0,0,0,0,0,0,1,1,0,1,0,0,0,0,0,0,0,0,0,Wester Ross,Inveralligin,Inveralligin,335,291,87,115,0.4,57.551345,-5.6117864,m,1913,-5.6117864,57.551345,FALSE,21,NA
Kinlochewe,120,1,1,1,1,1,1,1,1,1,1,1,1,1,0,0,0,0,0,1,0,0,0,1,0,0,0,0,0,1,0,0,0,0,0,0,0,0,0,0,0,0,0,1,1,0,1,0,0,0,0,0,0,0,0,0,Wester Ross,Kinlochewe,Kinlochewe,116,104,90,15,0.14,57.604421,-5.315622,m,1881,-5.315622,57.604421,FALSE,19,NA
Badachro,121,1,1,1,1,1,1,1,1,1,1,1,1,1,0,0,0,1,0,1,1,0,1,1,1,1,0,0,0,1,1,1,0,1,1,1,0,1,0,1,1,0,0,1,1,0,1,0,0,0,0,0,0,0,0,0,Gairloch,Badachro,Badachro,342,307,90,72,0.23,57.691855,-5.7265046,m,1893,-5.7265046,57.691855,FALSE,32,NA
Melvaig,122,1,1,1,1,1,1,1,1,1,1,1,1,0,0,0,0,0,0,1,1,0,1,1,0,0,1,0,0,1,0,0,0,0,0,0,0,0,0,0,0,0,0,1,1,0,1,0,0,0,0,0,0,0,0,0,Gairloch,Melvaig,Melvaig,320,311,97,218,0.7,57.806374,-5.8056924,f,1881,-5.8056924,57.806374,TRUE,21,NA
Cove,123,1,1,1,1,1,1,1,1,1,1,1,1,1,1,0,0,1,0,1,1,1,1,1,1,0,0,0,1,1,0,0,0,0,0,0,0,0,0,0,0,0,0,1,1,1,1,0,0,0,0,0,0,0,0,0,Wester Ross,Cove,Cove,188,183,97,57,0.31,57.845215,-5.7086311,f,1891,-5.7086311,57.845215,TRUE,27,NA
Aultbea,124,1,1,1,1,NA,1,1,1,1,1,1,1,0,1,0,0,0,0,1,0,1,NA,0,1,NA,1,0,1,0,0,1,0,0,0,0,0,NA,0,0,0,0,0,1,1,NA,NA,1,0,0,0,NA,0,NA,0,0,Wester Ross,Aultbea,Aultbea,145,131,90,22,0.17,57.839639,-5.5900588,f,1888,-5.5900588,57.839639,TRUE,21,NA
Badbea,125,1,1,1,1,1,1,1,1,1,1,1,0,1,1,0,0,1,0,1,1,1,0,1,1,0,1,0,0,1,0,0,0,0,0,0,0,0,0,0,0,0,0,1,1,0,1,0,0,0,0,0,0,0,0,0,Wester Ross,Badbea,Badcall & Ardessie,322,308,96,89,0.29,57.862084,-5.3275006,m,1878,-5.3275006,57.862084,FALSE,24,NA
Letters,126,1,1,1,1,1,1,1,1,1,1,1,1,0,1,1,0,0,0,1,0,1,0,1,0,0,0,1,0,1,0,0,0,0,0,0,0,0,0,0,NA,0,0,1,1,NA,NA,NA,0,0,0,0,0,NA,0,0,Wester Ross,Letters,Letters,315,299,95,74,0.25,57.834574,-5.1008402,m,1879,-5.1008402,57.834574,FALSE,21,NA
Polbain,127,1,1,1,1,1,1,1,1,1,1,1,1,1,1,1,0,1,0,1,1,1,1,1,1,NA,0,0,0,1,0,0,0,0,0,0,0,NA,0,0,0,0,0,1,1,NA,NA,0,0,0,0,NA,0,NA,0,0,Wester Ross,Polbain,Polbain,449,402,90,205,0.51,58.038392,-5.4029494,m,1891,-5.4029494,58.038392,FALSE,25,NA
Inverkirkaig,129,1,1,1,1,1,1,0,1,1,1,1,1,1,0,1,0,1,0,1,0,0,1,1,1,0,0,1,0,1,0,1,NA,0,0,0,0,1,0,0,0,0,0,1,1,0,0,0,0,0,0,0,0,0,0,0,Assynt,Inverkirkaig,see Duwe p 7,152,145,95,33,0.23,58.122104,-5.2586048,m,1907,-5.2586048,58.122104,FALSE,24,NA
Nedd,130,1,1,1,1,1,NA,1,1,1,1,NA,1,1,1,1,0,NA,0,0,0,1,0,0,NA,0,0,0,0,0,0,0,0,0,0,0,0,0,0,0,0,0,0,1,1,1,1,0,0,0,0,0,0,0,0,0,Assynt,Nedd,Lochinver & Drumbeg,870,799,92,86,0.11,58.227922,-5.1862218,f,1879,-5.1862218,58.227922,TRUE,18,NA
Tarbet,131,1,1,1,NA,1,NA,1,1,NA,1,NA,1,NA,NA,1,1,NA,1,0,NA,NA,0,0,NA,1,0,0,0,0,0,0,0,0,0,0,0,0,0,0,0,0,0,1,1,0,1,0,0,0,0,0,0,0,0,NA,North West Sutherland,Tarbet,Scourie,511,383,75,22,0.06,58.391924,-5.1302756,f,1876,-5.1302756,58.391924,TRUE,15,NA
Polin,132,1,1,1,NA,1,NA,1,1,NA,1,NA,1,NA,1,0,0,NA,0,0,NA,0,0,1,NA,0,0,0,0,1,0,0,NA,0,0,0,0,0,0,0,0,0,0,1,1,0,0,0,0,0,0,0,0,0,0,0,North West Sutherland,Polin,Kinlochbervie,898,833,93,59,0.07,58.483545,-5.0934332,m,1911,-5.0934332,58.483545,FALSE,13,NA
Durness,133,1,1,1,1,1,NA,1,1,1,1,NA,1,1,0,0,1,NA,1,0,0,0,0,1,NA,0,0,0,0,0,0,0,0,0,0,0,0,0,0,0,0,0,0,1,1,NA,NA,0,0,0,0,0,0,NA,NA,0,North Sutherland,Durness,Durness,960,814,85,40,0.05,58.556594,-4.7443003,m,1882,-4.7443003,58.556594,FALSE,16,NA
Melness,134,1,1,1,1,1,NA,1,1,1,1,NA,1,0,1,1,1,NA,1,0,0,1,0,1,NA,1,0,0,0,1,0,1,0,0,0,0,0,0,1,0,0,0,0,1,1,NA,NA,0,0,0,0,0,0,NA,1,0,North Sutherland,Melness,Tongue,1863,1578,85,114,0.07,58.514337,-4.4442118,m,1885,-4.4442118,58.514337,FALSE,23,NA
Skerray,135,1,1,1,1,1,1,0,1,1,1,1,1,1,0,1,1,0,1,0,0,0,0,1,0,0,0,0,0,1,1,0,0,0,1,0,0,0,0,0,1,1,0,1,1,NA,NA,0,0,0,0,0,1,NA,0,0,North Sutherland,Skerray,Farr,1081,920,85,82,0.09,58.534409,-4.3033018,m,1882,-4.3033018,58.534409,FALSE,24,NA
Farr,136,1,1,1,1,1,NA,1,1,1,1,NA,0,1,1,NA,NA,NA,NA,0,0,1,0,1,NA,0,0,NA,0,1,NA,NA,NA,NA,0,NA,0,0,1,NA,0,NA,0,1,1,0,1,0,NA,0,0,0,NA,0,NA,NA,North Sutherland,Farr,Farr,1081,920,85,82,0.09,58.5269,-4.1997514,f,1881,-4.1997514,58.5269,TRUE,18,NA
Strathy Point,137,1,1,1,1,1,NA,1,1,1,1,NA,1,1,1,1,1,NA,1,0,0,1,0,1,NA,1,0,1,0,1,1,0,0,0,0,0,0,0,0,0,1,0,0,1,1,0,1,0,0,0,0,0,0,0,0,0,North Sutherland,Strathy Point,Strathy,776,684,88,35,0.05,58.557263,-4.0125605,m,1890,-4.0125605,58.557263,FALSE,25,NA
Portskerra,138,1,1,NA,NA,1,1,1,1,NA,1,0,1,NA,NA,NA,0,0,0,0,NA,NA,0,0,0,NA,0,NA,0,0,0,0,0,0,0,0,0,NA,NA,0,0,NA,0,NA,1,NA,NA,0,NA,0,NA,NA,NA,NA,NA,NA,North Sutherland,Portskerra,Portskerra,493,444,90,16,0.04,58.558321,-3.9438599,m,1884,-3.9438599,58.558321,FALSE,9,NA
Strath Halladale,139,1,1,1,1,1,1,1,0,1,1,1,1,0,0,0,0,0,0,0,0,0,0,0,0,0,0,1,0,0,0,0,0,0,0,0,0,0,0,0,0,0,0,1,1,0,1,0,0,0,0,0,0,0,0,0,North Sutherland,Strath Halladale,Strath Halladale,400,288,72,5,0.02,58.471885,-3.909641,m,1871,-3.909641,58.471885,FALSE,15,NA
Braemore,140,1,1,1,0,1,1,0,0,0,0,0,1,0,0,1,0,0,0,0,0,0,0,1,0,0,0,1,0,0,0,0,0,0,0,0,0,1,0,0,0,0,0,1,1,1,1,0,0,0,0,0,0,0,0,0,Caithness,Braemore,Braemore,92,46,50,2,0.04,58.241118,-3.593798,m,1869,-3.593798,58.241118,FALSE,14,NA
West Helmsdale,141,1,1,1,1,0,1,0,1,1,1,1,1,0,0,0,0,0,0,0,0,0,0,0,0,0,0,0,0,0,0,0,0,0,0,0,0,0,0,0,0,0,0,1,1,0,1,0,0,0,0,0,0,0,0,0,East Sutherland,West Helmsdale,West Helmsdale,378,229,61,2,0.01,58.112866,-3.6818992,m,1868,-3.6818992,58.112866,FALSE,13,NA
Brora 2,143,1,0,1,1,0,1,0,1,1,1,1,0,0,0,0,0,0,0,0,0,0,0,0,0,0,0,1,0,0,0,0,0,0,0,0,0,0,0,0,0,0,0,0,1,0,1,0,0,0,0,0,0,0,0,0,East Sutherland,Brora 2,Brora 2,241,111,46,0,0,58.011571000000004,-3.8586437,f,1892,-3.8586437,58.011571000000004,TRUE,11,NA
Golspie,144,1,0,1,1,1,NA,0,1,0,1,NA,0,0,NA,0,NA,NA,NA,0,0,NA,0,0,NA,NA,0,0,0,0,NA,NA,1,NA,0,NA,0,NA,0,NA,0,0,0,1,1,0,1,0,0,0,0,NA,0,0,NA,NA,East Sutherland,Golspie,Golspie,934,469,50,5,0.01,57.969618,-3.9926245,m,1883,-3.9926245,57.969618,FALSE,10,NA
Muie,145,1,1,1,1,1,1,1,0,1,0,1,1,0,0,0,0,0,0,0,0,0,0,0,0,0,0,1,0,0,0,0,0,0,0,0,0,0,0,0,0,1,0,1,1,0,1,0,0,0,0,0,0,0,0,0,East Sutherland,Muie,Muie,312,205,66,10,0.05,58.005229,-4.2522685,m,1878,-4.2522685,58.005229,FALSE,15,NA
Lairg,146,1,1,1,1,1,1,1,1,0,1,1,1,0,0,0,0,0,0,0,0,0,0,1,0,0,0,0,0,1,0,0,0,0,0,0,0,0,0,0,0,0,0,1,1,0,1,0,0,0,0,0,0,0,0,0,East Sutherland,Lairg,Lairg,315,188,60,0,0,58.020391,-4.4056198,f,1878,-4.4056198,58.020391,TRUE,16,NA
Gruids,147,1,1,1,1,1,1,1,1,1,1,1,1,0,0,NA,0,0,0,0,0,0,0,0,0,0,0,NA,0,0,0,0,0,0,0,0,0,0,0,0,0,NA,0,1,1,0,1,0,NA,0,0,0,NA,0,0,0,East Sutherland,Gruids,Lairg,315,188,60,0,0,58.0018,-4.4382215,m,1871,-4.4382215,58.0018,FALSE,15,NA
Airdens,149,1,1,1,1,1,1,1,1,0,1,1,0,1,0,0,0,1,0,0,0,0,0,0,0,0,0,0,0,0,0,0,0,0,0,0,0,0,0,0,0,0,0,0,1,0,1,0,0,0,0,0,0,0,0,0,East Sutherland,Airdens,Airdens,255,198,78,6,0.03,57.913662,-4.3187724,m,1868,-4.3187724,57.913662,FALSE,14,NA
Migdale,150,1,1,1,1,1,1,1,1,0,1,1,1,0,0,0,0,0,0,0,0,0,0,0,0,0,0,0,0,0,0,0,0,0,0,0,0,0,0,0,0,0,0,1,1,0,1,0,0,0,0,0,0,0,0,0,East Sutherland,Migdale,Migdale,255,198,78,6,0.03,57.894846,-4.3119579,f,1877,-4.3119579,57.894846,TRUE,14,NA
Embo,151,1,0,1,0,0,1,0,1,0,1,1,0,0,NA,NA,NA,0,NA,0,0,NA,0,NA,0,NA,0,NA,0,NA,NA,NA,NA,NA,0,NA,0,NA,0,NA,0,NA,0,0,1,0,0,0,NA,0,0,NA,NA,0,NA,NA,East Sutherland,Embo,Embo,315,188,60,3,0.02,57.908539,-4.0042796,m,1901,-4.0042796,57.908539,FALSE,7,NA
Amat,152,1,1,1,1,1,1,1,1,1,1,1,1,0,0,0,0,0,0,0,0,0,0,0,0,0,0,0,0,0,0,0,0,0,0,0,0,0,0,0,0,0,0,1,1,0,1,0,0,0,0,0,0,0,0,0,East Sutherland,Amat,Amatnatua,112,102,91,8,0.08,57.870518,-4.5811017,m,1880,-4.5811017,57.870518,FALSE,15,NA
Rhaanich,153,1,1,0,1,0,1,1,0,1,0,0,0,0,0,0,0,0,0,0,0,0,0,0,0,0,0,1,0,0,0,0,0,0,0,0,0,0,0,0,0,0,0,1,1,0,1,0,0,0,0,0,0,0,0,0,East Sutherland,Rhaanich [recte Edderton],Kincardine,642,381,59,24,0.06,57.805019,-4.1634237,m,1873,-4.1634237,57.805019,FALSE,10,NA
Skinnerton,154,1,0,1,1,1,1,1,1,1,1,1,1,0,0,0,0,0,0,0,0,0,1,0,1,0,0,0,0,0,0,0,0,0,0,0,0,0,0,0,0,0,0,1,1,0,0,0,0,0,0,0,0,0,0,NA,East Sutherland,Skinnerton,Tarbat,1703,947,56.00000000000001,58,0.06,57.813209,-3.9079812,m,1879,-3.9079812,57.813209,FALSE,15,NA
Shandwick,155,1,1,1,0,1,NA,0,1,1,1,NA,1,0,NA,NA,NA,NA,NA,0,0,NA,0,NA,NA,NA,0,NA,0,NA,NA,NA,NA,NA,0,NA,0,NA,0,NA,0,NA,0,1,1,0,0,0,NA,0,0,NA,NA,0,NA,NA,Easter Ross,Shandwick,Balintore,361,237,66,8,0.03,57.749927,-3.9338677,f,1888,-3.9338677,57.749927,TRUE,10,NA
Strathy,156,1,1,NA,1,1,1,1,NA,1,NA,1,1,0,0,NA,0,0,0,0,0,0,0,0,0,0,0,NA,0,0,0,0,0,0,0,0,0,0,0,0,0,NA,0,NA,NA,0,1,0,NA,0,NA,0,NA,0,0,0,Easter Ross,Strathy,Alness,1038,567,55.00000000000001,16,0.03,57.750426,-4.2817684,m,1874,-4.2817684,57.750426,FALSE,10,NA
Docharty,157,1,1,1,1,1,1,1,1,1,1,1,1,0,0,0,0,0,0,0,0,0,0,0,0,0,0,0,1,0,0,0,0,0,0,0,0,0,0,0,0,0,0,1,1,0,1,0,0,0,0,0,0,0,0,0,Easter Ross,Docharty,Dingwall Rural,298,160,54,4,0.03,57.614622,-4.4791976,m,1879,-4.4791976,57.614622,FALSE,16,NA
Knockfarrel,158,1,1,1,1,1,1,1,1,1,1,1,1,1,1,0,0,0,0,0,0,1,1,0,0,0,0,0,0,0,0,0,0,0,0,0,0,0,0,0,0,0,0,1,1,0,1,0,0,0,0,0,0,0,0,0,Easter Ross,Knockfarrel,Fodderty,1135,805,71,113,0.14,57.58704,-4.5107838,f,1872,-4.5107838,57.58704,TRUE,19,NA
Milton (E Ross),159,1,1,1,1,1,1,1,1,1,1,1,1,0,1,0,0,0,0,0,0,1,0,0,0,0,1,0,0,0,0,0,0,0,0,0,0,0,0,0,0,0,0,1,1,0,1,0,0,0,0,0,0,0,0,0,Easter Ross,Milton (E Ross),Contin,708,555,78,23,0.04,57.55304,-4.8427904,m,1867,-4.8427904,57.55304,FALSE,18,NA
Culbokie,160,1,1,0,0,0,1,0,1,1,1,0,0,0,0,0,0,0,0,0,0,0,0,0,0,0,0,1,0,0,0,0,0,0,0,0,0,0,0,0,0,0,0,0,1,0,0,0,0,0,0,0,0,0,0,0,Easter Ross,Culbokie,Knockbain,1699,1040,61,65,0.06,57.581586,-4.3263882,f,1874,-4.3263882,57.581586,TRUE,8,NA
Brae of East Kinkell,161,1,1,0,1,0,1,0,0,1,0,1,0,1,0,0,0,0,0,0,0,0,0,0,0,0,0,1,0,0,0,0,0,0,0,0,0,0,0,0,0,0,0,0,1,0,1,0,0,0,0,0,0,0,0,0,Easter Ross,Brae of East Kinkell,Conon Bridge,358,191,53,5,0.03,57.553414,-4.3914542,m,1881,-4.3914542,57.553414,FALSE,10,NA
Altyre,162,1,1,1,1,1,1,0,1,1,1,1,1,0,1,0,0,0,0,0,0,0,0,0,0,0,0,0,0,0,0,0,0,0,0,0,0,0,0,0,0,0,0,1,1,0,1,0,0,0,0,0,0,0,0,0,North West Invernesshire,Altyre,Beauly,949,517,55.00000000000001,32,0.06,57.475065,-4.4930848,m,1900,-4.4930848,57.475065,FALSE,15,NA
Loaneckhime,163,1,1,1,1,1,1,1,1,1,1,1,1,1,0,0,0,0,0,1,0,0,0,0,0,0,1,0,0,0,0,0,0,0,0,0,0,0,0,0,0,0,0,1,1,0,1,0,0,0,0,0,0,0,0,0,North West Invernesshire,Loaneckhime,Tomnacross,219,153,70,21,0.14,57.430162,-4.4916951,f,1880,-4.4916951,57.430162,TRUE,18,NA
Balmore,164,1,1,1,1,1,1,1,1,1,1,1,1,0,0,0,0,0,0,0,0,0,0,0,0,0,0,0,0,0,0,0,0,0,0,0,0,0,0,0,0,0,0,1,1,0,1,0,0,0,0,0,0,0,0,0,North West Invernesshire,Balmore,Cannich,104,87,84,1,0.01,57.357504,-4.7444995,m,1889,-4.7444995,57.357504,FALSE,15,NA
Lochletter,166,1,1,0,1,0,1,0,0,1,1,1,0,0,0,0,0,0,0,0,0,0,0,0,0,0,0,1,0,0,0,0,0,0,0,0,0,0,0,0,0,0,0,0,1,0,0,0,0,0,0,0,0,0,0,0,North West Invernesshire,Lochletter,Balnain,298,268,90,71,0.26,57.324782,-4.592537,m,1896,-4.592537,57.324782,FALSE,9,NA
Achnaconeran,167,1,1,1,NA,1,1,1,1,NA,1,1,1,NA,0,0,0,0,0,0,NA,0,0,0,0,NA,0,1,0,0,1,0,NA,0,1,0,0,NA,0,0,1,0,0,1,1,0,1,0,0,0,0,NA,0,0,0,0,North West Invernesshire,Achnaconeran,Invermoriston,165,132,80,21,0.16,57.216066,-4.6345961,f,1875,-4.6345961,57.216066,TRUE,17,NA
Dalcreichart,168,1,1,1,1,1,NA,1,1,1,1,NA,NA,0,0,0,0,NA,0,0,0,0,0,NA,NA,0,0,1,0,NA,1,0,1,0,1,0,0,0,0,0,NA,0,0,1,1,0,1,NA,0,NA,0,0,0,0,0,0,North West Invernesshire,Dalcreichart,Dundreggan & Torgyle,178,154,87,30,0.19,57.216343,-4.6213644,m,1880,-4.6213644,57.216343,FALSE,16,NA
Trinloist 1,169,1,1,1,1,1,1,1,1,1,1,1,1,0,0,0,0,0,0,0,0,0,0,0,0,0,0,1,0,0,0,0,0,0,0,0,0,0,0,0,0,0,0,1,1,0,1,0,0,0,0,0,0,0,0,0,North East Invernesshire,Trinloist 1,Inverfarigaig,82,75,92,7,0.09,57.246677,-4.4544279,f,1869,-4.4544279,57.246677,TRUE,16,NA
Trinloist 2,170,1,1,1,1,1,1,1,1,1,1,1,1,1,0,0,0,0,0,0,0,0,0,0,0,0,0,1,0,0,0,0,0,0,0,0,0,0,0,0,0,0,0,1,1,0,1,0,0,0,0,0,0,0,0,0,North East Invernesshire,Trinloist 2,Trinloist 2,82,75,92,7,0.09,57.246677,-4.4544279,m,1881,-4.4544279,57.246677,FALSE,17,NA
Loch Uanagan,171,1,1,0,1,1,1,0,1,1,1,1,NA,1,0,1,1,1,0,0,0,0,0,NA,0,0,0,0,0,NA,0,0,1,0,0,0,0,0,0,0,0,0,0,1,1,0,1,0,0,NA,0,0,0,0,0,0,North West Invernesshire,Loch Uanagan,Fort Augustus,596,274,46,3,0.01,57.124574,-4.7107091,f,1868,-4.7107091,57.124574,TRUE,17,NA
Invergarry,172,1,1,1,1,1,1,NA,1,1,1,1,NA,1,0,0,1,1,1,1,1,0,0,NA,1,0,NA,1,0,NA,1,0,0,0,0,0,NA,0,0,0,0,0,0,1,1,0,1,0,0,NA,0,0,0,0,0,0,North West Invernesshire,Invergarry,Invergarry,215,156,73,4,0.03,57.065795,-4.8087067,f,1869,-4.8087067,57.065795,TRUE,22,NA
Easterton,173,1,0,1,1,0,1,0,0,0,1,0,0,0,0,0,0,0,0,0,0,0,0,0,0,0,0,1,0,0,0,0,0,1,0,0,0,0,0,0,0,0,0,0,1,0,0,0,0,0,0,0,0,0,0,0,North East Invernesshire,Easterton,Fisherton,293,150,51,8,0.05,57.534939,-4.0757224,m,1879,-4.0757224,57.534939,FALSE,8,NA
Castleton,174,1,1,0,1,1,1,0,0,1,0,0,0,0,1,0,0,0,0,0,0,0,0,0,0,0,0,1,0,0,0,0,0,0,0,0,0,0,0,0,0,0,0,0,1,0,0,0,0,0,0,0,0,0,0,0,North East Invernesshire,Castleton,Daviot,183,138,75,5,0.04,57.46087,-4.0733046999999996,f,1885,-4.0733046999999996,57.46087,TRUE,9,NA
Milton of Tordarroch,175,1,1,1,1,1,1,1,1,1,1,1,1,0,1,0,0,0,0,0,0,1,0,0,0,0,0,0,0,0,0,0,0,0,0,0,0,0,0,0,0,0,0,1,1,0,1,0,0,0,0,0,0,0,0,0,North East Invernesshire,Milton of Tordarroch,Flichity,236,181,77,4,0.02,57.367975,-4.2130589,f,1878,-4.2130589,57.367975,TRUE,17,NA
Càrn Bàn,176,1,1,1,1,1,1,1,0,1,1,1,0,0,0,1,0,0,0,0,0,0,0,0,0,0,0,1,0,0,0,0,0,0,0,0,0,0,0,0,0,0,0,1,1,0,1,0,0,0,0,0,0,0,0,0,North East Invernesshire,Càrn Bàn,Flichity,236,181,77,4,0.02,57.294983,-4.2750635,f,1878,-4.2750635,57.294983,TRUE,15,NA
Glenderness,177,1,1,0,1,1,1,1,1,1,1,1,1,0,0,NA,0,0,0,0,0,0,0,0,0,0,0,NA,0,0,0,0,NA,0,0,0,0,0,0,0,0,NA,0,1,1,0,1,0,NA,0,0,0,NA,0,0,0,Moray,Glenferness [recte Terriemore],Druimgush & Dava,309,142,46,0,0,57.456323,-3.766646,f,1862,-3.766646,57.456323,TRUE,14,NA
Ruthven,178,1,1,1,1,1,1,1,1,1,1,1,1,0,0,0,0,0,0,0,0,0,0,0,0,0,0,1,0,0,0,0,0,0,0,0,0,0,0,0,0,0,0,1,1,0,1,0,0,0,0,0,0,0,0,0,North East Invernesshire,Ruthven,Ruthven,113,73,65,2,0.03,57.366153,-3.974785,m,1883,-3.974785,57.366153,FALSE,16,NA
Tombain,179,0,0,1,1,1,0,0,0,1,1,0,0,0,0,0,0,0,0,0,0,0,0,0,0,0,0,1,0,0,0,0,0,0,0,0,0,0,0,0,0,0,0,0,1,0,1,0,0,0,0,0,0,0,0,0,Moray,Tombain,Grantown-on-Spean,1422,468,33,4,0.01,57.377072,-3.6148025,m,1868,-3.6148025,57.377072,FALSE,8,NA
Rynechkra,180,1,1,0,0,0,0,1,0,0,0,0,1,0,0,0,0,0,0,0,0,0,0,0,0,0,0,0,0,0,0,0,0,0,0,0,0,0,0,0,0,0,0,1,1,0,1,0,0,0,0,0,0,0,0,0,Moray,Rynechkra,Auchnahannet & Muckrach,57,28,49,0,0,57.349042,-3.6966702,f,1882,-3.6966702,57.349042,TRUE,7,NA
Boat of Garten,181,1,1,0,0,1,1,1,0,0,0,0,0,0,0,0,0,0,0,0,0,0,0,0,0,0,0,1,0,0,0,0,0,0,0,0,0,0,0,0,0,0,0,0,1,0,0,0,0,0,0,0,0,0,0,0,Speyside,Boat of Garten,Boat of Garten,394,237,60,24,0.1,57.253832,-3.7627102,f,1873,-3.7627102,57.253832,TRUE,7,NA
Tulloch,182,1,1,0,1,1,1,1,0,1,0,1,1,0,0,0,0,0,0,0,0,0,0,0,0,0,0,0,0,0,0,0,0,0,0,0,0,0,0,0,0,0,0,0,1,0,1,0,0,0,0,0,0,0,0,0,Speyside,Tulloch,Tulloch,253,182,72,5,0.03,57.204779,-3.6852605,f,1860,-3.6852605,57.204779,TRUE,11,NA
Giuslich,183,1,1,1,1,1,1,0,1,1,1,1,1,1,0,0,0,0,0,0,0,0,0,0,0,0,0,0,0,0,0,0,0,0,0,0,0,0,0,0,0,0,0,1,1,0,1,0,0,0,0,0,0,0,0,0,Speyside,Giuslich,Aviemore,363,230,63,9,0.04,57.190615,-3.7856788,m,1889,-3.7856788,57.190615,FALSE,15,NA
Moor of Feshie,184,1,1,1,1,1,1,1,1,1,1,1,1,0,0,1,0,0,0,0,1,0,0,0,1,1,0,0,0,0,0,0,0,0,0,0,0,0,0,0,0,0,0,1,1,0,1,0,0,0,0,0,0,0,0,0,Badenoch,Moor of Feshie,Dalifours & Kincraig,184,94,51,5,0.05,57.128729,-3.869419,m,1867,-3.869419,57.128729,FALSE,19,NA
Drumguish,185,1,1,1,1,1,1,1,1,1,1,1,1,0,0,0,0,0,0,0,0,0,0,0,0,0,0,0,0,0,0,0,0,0,0,0,0,0,0,0,0,0,0,1,1,0,1,0,0,0,0,0,0,0,0,0,Badenoch,Drumguish,Drumguish,223,191,86,2,0.01,57.066091,-3.997115,f,1892,-3.997115,57.066091,TRUE,15,NA
Loch Buie,186,1,1,1,1,1,1,1,1,1,1,1,1,0,1,1,0,0,0,0,0,0,0,1,0,0,0,0,0,0,0,0,0,0,0,0,0,0,0,0,0,0,0,1,1,0,1,0,0,0,0,0,0,0,0,0,Badenoch,Loch Buie,Newtonmore,364,267,73,2,0.01,57.067538,-4.1275052,f,1874,-4.1275052,57.067538,TRUE,18,NA
Knock of Clune,187,1,1,1,1,1,1,1,1,1,1,1,1,0,0,0,0,0,0,0,0,0,0,0,0,0,0,0,0,0,0,0,0,0,0,0,0,0,0,0,0,0,0,1,1,0,1,0,0,0,0,0,0,0,0,0,Badenoch,Knock of Clune,Newtonmore,364,267,73,2,0.01,57.067538,-4.1275052,m,1890,-4.1275052,57.067538,FALSE,15,NA
Drumgasg,188,0,0,0,NA,0,1,0,0,NA,0,1,NA,NA,0,0,0,1,0,0,NA,0,0,0,0,0,0,0,0,0,0,0,NA,0,0,0,0,0,0,0,0,0,0,1,1,0,1,0,0,NA,0,0,0,0,0,0,Upper Badenoch,Drumgasg,Drumgasg,139,107,77,3,0.03,57.007154,-4.2903935,f,1889,-4.2903935,57.007154,TRUE,6,NA
Braemar,189,0,0,0,0,0,0,0,0,0,0,0,0,0,0,0,0,0,0,0,0,0,0,0,0,0,0,1,0,0,0,0,0,0,0,0,0,0,0,0,0,0,0,0,0,0,0,0,0,0,0,0,0,0,0,0,Aberdeenshire,Braemar,Braemar - Achendryne,301,82,27,0,0,57.000652,-3.4023752,f,1883,-3.4023752,57.000652,TRUE,1,NA
Blair Atholl,190,1,1,0,0,0,0,0,0,0,0,0,0,0,1,0,0,0,0,0,0,0,0,1,0,0,0,1,0,0,0,0,1,0,0,0,0,0,0,0,0,0,0,0,0,NA,NA,0,0,0,0,0,0,NA,0,0,East Perthshire,Blair Atholl,Blair Atholl,326,118,36,0,0,56.790506,-3.8023399,f,1865,-3.8023399,56.790506,TRUE,6,NA
Balnabodach,191,1,1,0,NA,1,1,1,1,NA,0,1,1,NA,1,1,0,1,0,0,NA,1,0,1,0,0,1,1,0,0,0,0,1,0,0,0,0,0,0,0,0,0,0,1,0,0,1,0,0,0,0,0,0,0,0,0,North West Perthshire,Balnabodach,Tenandry,489,248,51,0,0,56.716465,-3.9458597,m,1873,-3.9458597,56.716465,FALSE,18,NA
Dunalastair,192,1,1,1,1,0,1,0,1,1,0,1,1,1,0,0,0,1,0,0,0,0,0,0,0,0,0,0,0,0,0,0,NA,0,0,0,0,0,0,0,NA,0,0,1,0,0,1,NA,0,0,0,0,0,0,0,0,North West Perthshire,Dunalastair,Kinloch Rannoch,547,399,73,12,0.03,56.695852,-4.1081164,m,1879,-4.1081164,56.695852,FALSE,13,NA
Glenlyon,193,1,1,1,1,1,1,1,1,1,1,1,1,1,1,1,0,1,0,0,0,0,0,1,0,1,0,0,0,0,0,0,1,0,0,0,0,0,0,0,0,0,0,1,0,0,1,0,0,0,0,0,0,0,1,0,North West Perthshire,Carie/ Glenlyon,Kinloch Rannoch,547,399,73,12,0.03,56.684303,-4.2544202,m,1872,-4.2544202,56.684303,FALSE,22,NA
Kirkmichael,194,1,1,0,1,0,1,0,0,1,0,1,0,0,0,0,0,0,0,0,0,0,0,0,0,0,0,0,0,0,0,0,0,0,0,0,0,0,0,0,NA,0,0,1,0,NA,NA,NA,0,0,0,0,0,NA,0,0,East Perthshire,Kirkmichael,Kirkmichael,533,215,40,0,0,56.704806,-3.4878825,m,1872,-3.4878825,56.704806,FALSE,7,NA
Ballinluig,195,0,0,0,1,0,0,0,0,0,0,0,0,0,0,0,0,0,0,0,0,0,0,0,0,0,0,1,0,0,0,0,0,0,0,0,0,0,0,0,0,0,0,0,0,NA,NA,0,0,0,0,0,0,NA,0,0,East Perthshire,Ballinluig,Logierait,1449,874,60,5,0.01,56.648433,-3.6813811,f,1876,-3.6813811,56.648433,TRUE,2,NA
Kincragie,196,0,0,0,0,1,1,1,0,1,0,0,0,0,0,0,0,0,0,0,0,0,0,0,0,0,0,1,0,0,0,0,0,0,0,0,0,0,0,0,0,0,0,0,1,NA,NA,0,0,0,0,0,0,NA,0,0,East Perthshire,Kincragie,Dowally,394,218,55.00000000000001,1,0,56.621712,-3.6638938,f,1872,-3.6638938,56.621712,TRUE,6,NA
Carse,197,1,1,0,1,1,1,1,0,1,0,0,0,0,1,0,0,0,0,0,0,0,0,1,0,0,0,1,0,0,0,0,0,0,0,0,0,0,0,0,0,0,0,0,0,0,1,0,0,0,0,0,0,0,0,0,East Perthshire,Carse,Dull,548,417,76,5,0.01,56.612212,-3.9470107,f,1864,-3.9470107,56.612212,TRUE,11,NA
Fortinghall,198,0,0,0,1,1,0,1,0,1,0,0,0,1,0,0,0,0,0,0,0,0,0,0,0,0,0,0,0,0,0,0,0,0,0,0,0,0,0,0,0,0,0,1,0,0,0,0,0,0,0,0,0,0,0,0,North West Perthshire,Fortinghall,Fortinghall,476,388,82,88,0.23,56.598865,-4.0505804,m,1872,-4.0505804,56.598865,FALSE,6,NA
Woodend,199,0,1,1,1,1,NA,0,0,1,0,NA,1,1,0,0,0,NA,0,0,1,0,0,0,NA,0,0,1,0,0,0,0,0,0,0,0,0,1,0,0,NA,0,0,0,0,0,1,NA,0,1,0,0,0,0,0,0,North West Perthshire,Woodend,Glenlyon,297,226,76,8,0.04,56.597098,-4.1026114,f,1899,-4.1026114,56.597098,TRUE,12,NA
Roroyare,200,1,1,1,1,1,1,1,1,1,1,1,1,1,1,1,1,1,1,0,1,1,0,1,1,1,0,0,0,0,0,0,0,0,0,0,0,0,1,0,0,0,0,1,1,0,1,0,0,0,0,0,0,0,0,0,North West Perthshire,Roroyare,Glenlyon,297,226,76,8,0.04,56.59424,-4.265341,m,1873,-4.265341,56.59424,FALSE,27,NA
Acharn,201,0,0,0,1,0,NA,0,0,0,0,NA,NA,0,0,0,0,NA,0,0,0,0,0,0,NA,NA,0,1,NA,0,0,0,NA,1,0,0,NA,NA,0,0,NA,0,0,1,0,0,1,NA,0,NA,0,NA,0,0,NA,NA,North West Perthshire,Acharn,Kenmore,1038,702,68,12,0.02,56.562269,-4.0355798,m,1874,-4.0355798,56.562269,FALSE,5,NA
Carie,202,1,1,0,1,1,1,1,1,1,0,1,1,0,1,0,0,0,0,0,0,0,0,1,0,0,0,0,0,0,0,0,0,0,0,0,0,0,0,0,0,0,0,1,0,0,1,0,0,0,0,0,0,0,0,0,North West Perthshire,Carie,Glenlyon,297,226,76,8,0.04,56.505348,-4.211282,f,1884,-4.211282,56.505348,TRUE,14,NA
Tullochan,203,1,1,1,1,1,1,1,1,1,1,1,1,1,1,0,0,1,0,0,0,0,0,NA,0,0,0,0,0,NA,0,0,0,0,0,0,NA,0,0,0,0,0,0,1,1,0,1,0,0,0,0,0,0,0,0,0,North West Perthshire,Tullochan,Ardeonaig,279,242,87,9,0.04,56.487967,-4.1777838,f,1891,-4.1777838,56.487967,TRUE,18,NA
Wester Lix,204,1,1,1,1,1,1,1,1,1,1,1,1,0,1,1,1,0,1,0,0,0,0,NA,0,0,0,0,0,NA,0,0,1,0,0,0,NA,0,0,0,0,0,0,1,1,0,1,0,0,0,0,0,0,0,0,0,North West Perthshire,Wester Lix,Killin Rural,527,359,68,5,0.01,56.43054,-4.3691276,f,1868,-4.3691276,56.43054,TRUE,20,NA
Tyndrum,205,1,1,1,1,1,1,1,1,1,1,1,1,0,0,0,1,1,1,1,0,0,1,NA,0,0,1,0,0,NA,0,0,0,0,0,0,NA,0,0,0,0,0,0,1,1,0,1,0,0,0,0,0,0,0,0,0,North West Perthshire,Tyndrum,Strathfillan,1360,521,38,53,0.1,56.451791,-4.7103921,m,1870,-4.7103921,56.451791,FALSE,21,NA
Balquidder,206,1,1,0,1,1,1,1,0,1,0,1,0,1,0,0,0,0,0,0,0,1,0,0,0,0,0,0,0,0,0,0,0,0,0,0,0,0,0,0,0,0,0,1,0,0,1,0,0,0,0,0,0,0,0,0,South West Perthshire,Balquidder,Balquidder,728,446,61,18,0.04,56.361495,-4.3792989,m,1875,-4.3792989,56.361495,FALSE,12,NA
Brig o' Turk,207,0,0,1,1,1,1,1,0,1,0,1,1,1,0,0,0,1,0,0,1,0,0,0,1,0,0,0,0,0,0,0,0,0,0,0,0,0,0,0,NA,0,0,1,0,0,1,NA,0,0,0,0,0,0,0,0,South West Perthshire,Brig o' Turk,The Trossachs,302,158,52,1,0.01,56.235708,-4.377542,m,1869,-4.377542,56.235708,FALSE,14,NA
